timestamp, chinois, cap1, cap2, soil temperature, temperature, humidity 
2021-05-18T22:13:03.930138,719,855,381,11.6875,,
2021-05-18T22:14:03.311809,726,836,383,11.6875,,
2021-05-18T22:15:03.686890,722,832,383,11.6875,,
2021-05-18T22:16:03.989089,734,837,383,11.6875,,
2021-05-18T22:17:03.348559,738,857,383,11.6875,,
2021-05-18T22:18:03.670041,751,845,384,11.6875,,
2021-05-18T22:19:04.024404,739,880,383,11.6875,,
2021-05-18T22:20:03.429801,713,884,382,11.6875,,
2021-05-18T22:21:03.741127,710,880,381,11.6875,,
2021-05-18T22:22:04.074386,722,873,382,11.6875,,
2021-05-18T22:23:03.401948,716,875,383,11.625,,
2021-05-18T22:24:03.982458,706,923,381,11.625,,
2021-05-18T22:25:03.316285,707,922,382,11.625,,
2021-05-18T22:26:03.710871,718,922,383,11.625,,
2021-05-18T22:27:04.093484,706,65535,379,11.625,,
2021-05-18T22:28:04.097201,715,918,380,11.625,,
2021-05-18T22:29:03.473479,705,924,379,11.625,,
2021-05-18T22:30:04.070369,715,940,381,11.625,,
2021-05-18T22:31:03.400447,708,885,381,11.625,,
2021-05-18T22:32:03.716792,709,892,379,11.625,,
2021-05-18T22:33:04.098156,693,909,381,11.5625,,
2021-05-18T22:34:03.664799,704,893,379,11.5625,,
2021-05-18T22:35:04.291695,696,876,378,11.5625,,
2021-05-18T22:36:03.693787,698,883,379,11.5625,,
2021-05-18T22:37:04.109258,698,869,381,11.625,,
2021-05-18T22:38:03.500390,713,65535,377,11.5625,,
2021-05-18T22:39:03.875364,712,860,379,11.5625,,
2021-05-18T22:39:35.455225,714,868,377,11.5625,10.270118713378906,30
2021-05-18T22:39:55.109138,718,867,377,11.5625,10.254859924316406,30
2021-05-18T22:40:03.518977,707,876,380,11.5625,10.255241394042969,30
2021-05-18T22:42:03.739816,721,862,376,11.5625,10.197257995605469,30
2021-05-18T22:43:04.321746,702,866,376,11.5625,10.182380676269531,30
2021-05-18T22:44:03.930261,710,848,376,11.5625,10.191535949707031,30
2021-05-18T22:45:03.615891,711,870,377,11.5625,10.160064697265625,30
2021-05-18T22:46:04.246553,730,863,376,11.5,10.099601745605469,30
2021-05-18T22:47:03.815547,725,837,375,11.5625,10.115623474121094,30
2021-05-18T22:48:04.411829,732,922,376,11.5,10.141754150390625,30
2021-05-18T22:49:04.041046,727,931,375,11.5625,10.140419006347656,30
2021-05-18T22:50:03.646267,709,864,377,11.5,10.163688659667969,30
2021-05-18T22:51:04.247988,708,857,376,11.5,10.205459594726562,30
2021-05-18T22:52:03.805136,712,844,376,11.5,10.2508544921875,30
2021-05-18T22:53:04.376467,724,860,375,11.5,10.290145874023438,30
2021-05-18T22:54:03.969628,704,857,375,11.5,10.314559936523438,30
2021-05-18T22:55:03.551048,699,854,374,11.5,10.367774963378906,30
2021-05-18T22:56:04.141808,709,845,376,11.5,10.359573364257812,30
2021-05-18T22:57:03.709616,723,850,374,11.5,10.404586791992188,30
2021-05-18T22:58:04.414398,726,846,375,11.5,10.427665710449219,30
2021-05-18T22:59:04.082143,707,855,372,11.5,10.419464111328125,30
2021-05-18T23:00:03.658663,720,843,374,11.4375,10.413742065429688,30
2021-05-18T23:01:04.274762,709,842,374,11.4375,10.43548583984375,30
2021-05-18T23:02:03.878760,711,858,858,11.4375,10.396385192871094,30
2021-05-18T23:03:03.483859,708,844,374,11.4375,10.421180725097656,30
2021-05-18T23:04:04.112968,710,922,373,11.4375,10.41717529296875,30
2021-05-18T23:05:03.766108,719,918,372,11.4375,10.426712036132812,30
2021-05-18T23:06:04.355703,707,924,372,11.4375,10.412025451660156,30
2021-05-18T23:07:03.975480,714,920,372,11.4375,10.437202453613281,30
2021-05-18T23:08:03.576924,716,860,373,11.4375,10.461235046386719,30
2021-05-18T23:09:04.257692,739,860,372,11.4375,10.490989685058594,30
2021-05-18T23:10:03.869955,734,869,511,11.4375,10.564804077148438,30
2021-05-18T23:11:03.876111,722,867,371,11.375,10.53466796875,30
2021-05-18T23:12:03.472672,720,869,373,11.4375,10.567855834960938,30
2021-05-18T23:13:04.113666,724,877,372,11.375,10.591697692871094,30
2021-05-18T23:14:03.738085,711,879,371,11.375,10.612297058105469,30
2021-05-18T23:15:04.356024,708,875,371,11.375,10.602188110351562,30
2021-05-18T23:16:04.027305,709,952,370,11.375,10.600471496582031,30
2021-05-18T23:17:03.741626,709,950,370,11.375,10.610580444335938,30
2021-05-18T23:18:04.336739,725,952,370,11.375,10.619735717773438,30
2021-05-18T23:19:04.022139,706,948,371,11.375,10.616111755371094,30
2021-05-18T23:20:03.657607,712,940,371,11.375,10.6292724609375,30
2021-05-18T23:21:04.286524,711,943,370,11.375,10.637664794921875,30
2021-05-18T23:22:03.879431,715,946,371,11.375,10.6475830078125,30
2021-05-18T23:23:03.490774,716,949,370,11.375,10.628509521484375,30
2021-05-18T23:24:04.061983,719,948,369,11.375,10.706901550292969,30
2021-05-18T23:25:04.431005,721,945,372,11.375,10.6475830078125,30
2021-05-18T23:26:04.038167,724,947,255,11.375,10.685157775878906,30
2021-05-18T23:27:03.971328,723,945,370,11.3125,10.658645629882812,30
2021-05-18T23:28:03.560790,734,949,370,11.3125,10.681343078613281,30
2021-05-18T23:29:04.179812,731,946,372,11.3125,10.71014404296875,30
2021-05-18T23:30:03.831797,739,946,366,11.3125,10.71624755859375,30
2021-05-18T23:31:04.424657,728,945,370,11.3125,10.737419128417969,30
2021-05-18T23:32:04.022831,742,948,368,11.3125,10.733222961425781,30
2021-05-18T23:33:03.668840,729,949,368,11.3125,10.726165771484375,30
2021-05-18T23:34:04.287911,748,951,367,11.3125,10.735702514648438,30
2021-05-18T23:35:03.909112,734,947,368,11.3125,10.734367370605469,30
2021-05-18T23:36:03.499123,733,948,368,11.3125,10.724067687988281,30
2021-05-18T23:37:04.086601,731,951,367,11.3125,10.739326477050781,30
2021-05-18T23:38:03.617796,738,949,370,11.25,10.75286865234375,30
2021-05-18T23:39:04.282556,730,948,367,11.3125,10.745811462402344,30
2021-05-18T23:40:03.878970,747,945,368,11.25,10.743141174316406,30
2021-05-18T23:41:03.477973,733,949,365,11.3125,10.743331909179688,30
2021-05-18T23:42:04.116092,728,949,369,11.3125,10.786056518554688,30
2021-05-18T23:43:03.780425,732,946,368,11.25,10.74981689453125,30
2021-05-18T23:44:04.399019,734,946,368,11.25,10.741043090820312,30
2021-05-18T23:45:04.013887,721,946,368,11.25,10.703468322753906,30
2021-05-18T23:46:03.628382,733,943,370,11.25,10.653305053710938,30
2021-05-18T23:47:04.260915,735,942,367,11.25,10.590553283691406,30
2021-05-18T23:48:03.923209,714,951,368,11.25,10.500526428222656,30
2021-05-18T23:49:03.461072,708,947,367,11.25,10.425186157226562,30
2021-05-18T23:50:04.059668,709,947,366,11.25,10.290718078613281,30
2021-05-18T23:51:03.730584,719,948,368,11.25,10.2203369140625,30
2021-05-18T23:52:04.399177,720,947,366,11.25,10.144805908203125,30
2021-05-18T23:53:04.055720,719,941,367,11.25,10.089111328125,30
2021-05-18T23:54:03.741879,714,942,368,11.25,10.152816772460938,30
2021-05-18T23:55:04.354906,726,938,367,11.25,10.218238830566406,30
2021-05-18T23:56:03.958590,732,939,367,11.1875,10.258674621582031,30
2021-05-18T23:57:03.572390,729,941,367,11.25,10.270500183105469,30
2021-05-18T23:58:04.166193,733,933,367,11.1875,10.255813598632812,30
2021-05-18T23:59:03.723072,751,990,367,11.1875,10.272407531738281,30
2021-05-19T00:00:04.716906,739,999,367,11.1875,10.321617126464844,30
2021-05-19T00:01:04.287291,732,998,367,11.1875,10.329818725585938,30
2021-05-19T00:02:03.890787,730,996,366,11.1875,10.357856750488281,30
2021-05-19T00:03:03.472058,736,1003,366,11.1875,10.235786437988281,30
2021-05-19T00:04:04.110463,748,1001,368,11.1875,10.205078125,30
2021-05-19T00:05:03.801537,733,1002,366,11.1875,10.134506225585938,30
2021-05-19T00:06:04.491487,724,999,365,11.1875,10.116195678710938,30
2021-05-19T00:07:04.169436,729,998,366,11.1875,10.11962890625,30
2021-05-19T00:08:03.925188,730,997,365,11.1875,10.129165649414062,30
2021-05-19T00:09:03.509049,729,994,365,11.1875,10.155868530273438,30
2021-05-19T00:10:04.129671,735,995,367,11.1875,10.189437866210938,30
2021-05-19T00:11:03.927170,736,986,365,11.1875,10.232925415039062,30
2021-05-19T00:12:03.457043,715,999,366,11.125,10.1287841796875,30
2021-05-19T00:13:04.104932,739,1006,365,11.1875,10.126113891601562,30
2021-05-19T00:14:03.729098,727,1006,364,11.125,10.120773315429688,30
2021-05-19T00:15:04.321684,718,1004,365,11.1875,10.067176818847656,30
2021-05-19T00:16:03.841157,726,1009,365,11.125,10.066795349121094,30
2021-05-19T00:17:04.398420,731,1008,365,11.125,10.013580322265625,30
2021-05-19T00:18:03.979155,715,1005,364,11.125,9.914398193359375,29
2021-05-19T00:19:03.606166,731,1005,365,11.125,9.953689575195312,29
2021-05-19T00:20:04.176177,730,1004,364,11.125,9.889984130859375,29
2021-05-19T00:21:03.791075,733,1004,365,11.125,9.850692749023438,29
2021-05-19T00:22:04.372441,737,1002,364,11.125,9.832382202148438,29
2021-05-19T00:23:03.978304,725,998,365,11.125,9.836387634277344,29
2021-05-19T00:24:03.576191,731,999,364,11.125,9.844207763671875,29
2021-05-19T00:25:04.119888,730,998,366,11.125,9.874343872070312,29
2021-05-19T00:26:03.743610,714,997,365,11.125,9.882926940917969,29
2021-05-19T00:27:04.362263,716,997,364,11.125,9.889984130859375,29
2021-05-19T00:28:03.933214,717,998,363,11.125,9.927940368652344,29
2021-05-19T00:29:03.568801,707,996,364,11.0625,9.941482543945312,29
2021-05-19T00:30:04.154462,714,995,364,11.125,9.949874877929688,29
2021-05-19T00:31:03.707381,724,995,363,11.0625,9.941864013671875,29
2021-05-19T00:32:04.299299,720,995,363,11.0625,9.94720458984375,29
2021-05-19T00:33:03.878404,707,996,363,11.0625,9.982490539550781,29
2021-05-19T00:34:03.507610,713,983,363,11.0625,10.013580322265625,30
2021-05-19T00:35:04.077131,713,985,363,11.0625,10.046577453613281,30
2021-05-19T00:36:03.651041,712,982,363,11.0625,10.074234008789062,30
2021-05-19T00:37:04.257452,716,984,362,11.0625,10.099411010742188,30
2021-05-19T00:38:03.856651,717,1009,366,11.0625,10.1165771484375,30
2021-05-19T00:39:03.600073,724,1009,361,11.0625,10.117340087890625,30
2021-05-19T00:40:04.161362,725,1012,363,11.0625,10.115623474121094,30
2021-05-19T00:41:03.697655,733,1011,362,11.0625,10.115242004394531,30
2021-05-19T00:42:04.323158,707,1015,363,11.0625,10.101127624511719,30
2021-05-19T00:43:03.901722,706,1012,364,11.0625,10.075950622558594,30
2021-05-19T00:44:03.469949,704,1008,362,11.0625,10.03875732421875,30
2021-05-19T00:45:04.203371,712,1010,363,11.0625,10.005760192871094,30
2021-05-19T00:46:03.792828,719,1012,362,11.0625,9.966468811035156,29
2021-05-19T00:47:04.405516,718,1009,361,11.0,9.94110107421875,29
2021-05-19T00:48:03.967116,704,1011,361,11.0625,9.91973876953125,29
2021-05-19T00:49:03.603695,710,1015,361,11.0625,9.907913208007812,29
2021-05-19T00:50:04.129355,725,1013,361,11.0,9.881782531738281,29
2021-05-19T00:51:03.717670,710,1011,361,11.0,9.852981567382812,29
2021-05-19T00:52:04.308011,722,1010,361,11.0,9.821891784667969,29
2021-05-19T00:53:03.897118,709,1010,361,11.0,9.84039306640625,29
2021-05-19T00:54:03.480855,710,1009,361,11.0,9.869575500488281,29
2021-05-19T00:55:04.106970,716,1011,362,11.0,9.912681579589844,29
2021-05-19T00:56:03.725477,703,1009,363,11.0,9.945487976074219,29
2021-05-19T00:57:04.302978,710,1010,361,11.0,9.978675842285156,29
2021-05-19T00:58:03.906534,721,1012,361,11.0,9.989547729492188,30
2021-05-19T00:59:03.488232,712,1012,363,11.0,10.005760192871094,30
2021-05-19T01:00:04.053012,721,1013,364,11.0,9.993934631347656,30
2021-05-19T01:01:03.630319,710,1010,359,10.9375,10.010147094726562,30
2021-05-19T01:02:04.273555,713,1011,359,11.0,10.016059875488281,30
2021-05-19T01:03:03.859558,715,1008,359,10.9375,10.002708435058594,30
2021-05-19T01:04:03.481456,711,1008,361,10.9375,10.011672973632812,30
2021-05-19T01:05:04.141714,713,1006,362,10.9375,10.002517700195312,30
2021-05-19T01:06:03.708100,713,1011,362,10.9375,9.999465942382812,30
2021-05-19T01:07:04.315327,712,1009,361,10.9375,10.012245178222656,30
2021-05-19T01:08:03.893582,702,1006,360,10.9375,10.022163391113281,30
2021-05-19T01:09:03.488191,703,1007,359,10.9375,10.029792785644531,30
2021-05-19T01:10:04.065812,712,1007,358,10.9375,10.014915466308594,30
2021-05-19T01:11:03.632670,714,1010,358,10.9375,9.974288940429688,29
2021-05-19T01:12:04.241919,710,1012,359,10.9375,9.951210021972656,29
2021-05-19T01:13:03.771496,713,994,358,10.9375,9.946441650390625,29
2021-05-19T01:14:04.433485,709,1010,360,10.9375,9.909248352050781,29
2021-05-19T01:15:04.044539,738,992,359,10.9375,9.89532470703125,29
2021-05-19T01:16:03.639842,734,995,358,10.875,9.888267517089844,29
2021-05-19T01:17:04.241280,742,1003,359,10.9375,9.885215759277344,29
2021-05-19T01:18:03.821899,727,1009,359,10.875,9.867668151855469,29
2021-05-19T01:19:04.374377,735,1015,358,10.875,9.829330444335938,29
2021-05-19T01:20:03.975909,738,1012,358,10.875,9.809303283691406,29
2021-05-19T01:21:03.572079,746,1010,360,10.875,9.774398803710938,29
2021-05-19T01:22:04.167729,715,1012,359,10.875,9.729957580566406,29
2021-05-19T01:23:03.723381,721,1008,359,10.875,9.70458984375,29
2021-05-19T01:24:04.323556,732,1010,359,10.875,9.705352783203125,29
2021-05-19T01:25:03.943365,722,1007,358,10.875,9.696769714355469,29
2021-05-19T01:26:03.574038,745,1007,358,10.875,9.660911560058594,29
2021-05-19T01:27:04.199676,722,1007,358,10.875,9.609031677246094,29
2021-05-19T01:28:03.757801,712,1009,360,10.875,9.583663940429688,29
2021-05-19T01:29:04.289450,711,1006,358,10.875,9.587669372558594,29
2021-05-19T01:30:03.912540,712,1003,707,10.875,9.588432312011719,29
2021-05-19T01:31:03.464582,723,997,355,10.875,9.55657958984375,29
2021-05-19T01:32:04.055193,705,1002,358,10.8125,9.539604187011719,29
2021-05-19T01:33:03.650601,697,1006,359,10.8125,9.520721435546875,29
2021-05-19T01:34:04.221492,707,1001,357,10.8125,9.520912170410156,29
2021-05-19T01:35:03.778759,702,1000,358,10.8125,9.519004821777344,29
2021-05-19T01:36:04.377672,702,1003,357,10.8125,9.499359130859375,29
2021-05-19T01:37:03.974741,699,1004,357,10.8125,9.477615356445312,29
2021-05-19T01:38:03.592933,701,1005,356,10.8125,9.484481811523438,29
2021-05-19T01:39:04.185617,701,1010,356,10.8125,9.490203857421875,29
2021-05-19T01:40:03.803906,707,1011,358,10.8125,9.481048583984375,29
2021-05-19T01:41:04.374400,702,1010,358,10.8125,9.427833557128906,29
2021-05-19T01:42:03.982496,722,1008,358,10.8125,9.42535400390625,29
2021-05-19T01:43:03.566002,720,1009,356,10.75,9.395217895507812,29
2021-05-19T01:44:04.140951,711,1007,358,10.8125,9.389495849609375,29
2021-05-19T01:45:03.721392,713,1009,358,10.8125,9.408187866210938,29
2021-05-19T01:46:04.305195,713,1008,358,10.75,9.358406066894531,29
2021-05-19T01:47:03.839785,711,1007,356,10.75,9.357643127441406,29
2021-05-19T01:48:04.409721,706,1008,356,10.75,9.372329711914062,29
2021-05-19T01:49:04.039241,709,1008,357,10.75,9.393501281738281,29
2021-05-19T01:50:03.623210,711,1007,355,10.75,9.345817565917969,29
2021-05-19T01:51:04.204339,707,1008,357,10.75,9.316062927246094,29
2021-05-19T01:52:03.858602,711,1008,356,10.75,9.306907653808594,29
2021-05-19T01:53:03.478735,713,1009,355,10.75,9.306526184082031,29
2021-05-19T01:54:04.055776,709,1007,355,10.75,9.275054931640625,29
2021-05-19T01:55:03.636510,715,1009,357,10.75,9.241867065429688,29
2021-05-19T01:56:04.231104,710,1009,356,10.75,9.239768981933594,29
2021-05-19T01:57:03.857140,720,1008,355,10.75,9.26513671875,29
2021-05-19T01:58:03.506397,727,1008,355,10.75,9.296035766601562,29
2021-05-19T01:59:04.101282,717,1003,356,10.75,9.316635131835938,29
2021-05-19T02:00:03.754601,716,901,356,10.6875,9.323501586914062,29
2021-05-19T02:01:04.297306,719,1013,356,10.6875,9.315299987792969,29
2021-05-19T02:02:03.861247,709,1006,355,10.6875,9.229278564453125,29
2021-05-19T02:03:03.648238,724,1007,355,10.6875,9.17816162109375,29
2021-05-19T02:04:04.262930,722,1005,356,10.6875,9.134101867675781,29
2021-05-19T02:05:03.888312,729,1006,356,10.6875,9.114646911621094,29
2021-05-19T02:06:03.451037,717,1005,354,10.6875,9.088325500488281,29
2021-05-19T02:07:03.965092,725,1010,355,10.6875,9.08660888671875,29
2021-05-19T02:08:03.553967,724,1008,355,10.6875,9.110260009765625,29
2021-05-19T02:09:04.173817,734,1005,355,10.6875,9.12322998046875,29
2021-05-19T02:10:03.848428,732,1012,355,10.6875,9.133338928222656,29
2021-05-19T02:11:04.385192,735,1010,355,10.6875,9.135055541992188,29
2021-05-19T02:12:03.978624,732,1007,354,10.625,9.162521362304688,29
2021-05-19T02:13:03.538399,731,1004,355,10.6875,9.193611145019531,29
2021-05-19T02:14:04.234519,715,1003,355,10.625,9.189605712890625,29
2021-05-19T02:15:03.819070,724,964,356,10.625,9.15374755859375,29
2021-05-19T02:16:04.394712,730,981,355,10.625,9.115791320800781,29
2021-05-19T02:17:03.944517,714,978,355,10.625,9.105300903320312,29
2021-05-19T02:18:03.665671,714,977,354,10.625,9.100151062011719,29
2021-05-19T02:19:04.256873,724,976,352,10.625,9.101104736328125,29
2021-05-19T02:20:03.873513,715,976,356,10.625,9.06829833984375,29
2021-05-19T02:21:03.443256,729,985,354,10.625,9.04693603515625,29
2021-05-19T02:22:04.006225,720,979,353,10.625,9.01336669921875,29
2021-05-19T02:23:03.584777,720,1003,355,10.625,9.037208557128906,29
2021-05-19T02:24:04.132853,714,964,354,10.625,9.060287475585938,29
2021-05-19T02:25:03.697653,708,955,354,10.625,9.041213989257812,29
2021-05-19T02:26:04.367459,711,936,354,10.625,9.057235717773438,29
2021-05-19T02:27:03.943287,706,969,355,10.625,9.06829833984375,29
2021-05-19T02:28:03.522950,715,967,353,10.625,9.054756164550781,29
2021-05-19T02:29:04.056738,708,967,354,10.625,9.066963195800781,29
2021-05-19T02:30:03.644140,719,965,355,10.5625,9.053421020507812,29
2021-05-19T02:31:04.223152,715,960,354,10.5625,9.063148498535156,29
2021-05-19T02:32:03.788806,707,957,354,10.5625,9.088706970214844,29
2021-05-19T02:33:04.394183,712,953,354,10.5625,9.096145629882812,29
2021-05-19T02:34:03.939051,710,957,357,10.5625,9.110260009765625,29
2021-05-19T02:35:03.588786,718,959,353,10.5625,9.112358093261719,29
2021-05-19T02:36:04.154085,712,915,353,10.5625,9.129714965820312,29
2021-05-19T02:37:03.725574,708,930,356,10.5625,9.14459228515625,29
2021-05-19T02:38:04.297235,707,931,353,10.5625,9.140396118164062,29
2021-05-19T02:39:04.044865,711,938,353,10.5625,9.134483337402344,29
2021-05-19T02:40:03.646635,713,941,353,10.5625,9.12628173828125,29
2021-05-19T02:41:04.257865,690,938,355,10.5625,9.087562561035156,29
2021-05-19T02:42:03.860854,684,910,356,10.5625,9.051322937011719,29
2021-05-19T02:43:03.441237,691,912,353,10.5625,8.986282348632812,29
2021-05-19T02:44:03.994716,685,936,356,10.5625,8.901596069335938,29
2021-05-19T02:45:03.570315,683,938,356,10.5625,8.889389038085938,29
2021-05-19T02:46:04.211305,699,941,354,10.5625,8.914756774902344,29
2021-05-19T02:47:03.790890,681,936,353,10.5,8.933067321777344,29
2021-05-19T02:48:04.380254,685,938,354,10.5625,8.950042724609375,29
2021-05-19T02:49:03.991592,693,938,353,10.5625,8.918190002441406,29
2021-05-19T02:50:03.547216,688,933,354,10.5,8.917808532714844,29
2021-05-19T02:51:04.129595,686,936,355,10.5,8.929061889648438,29
2021-05-19T02:52:03.722326,712,941,354,10.5,8.960533142089844,29
2021-05-19T02:53:04.404068,690,935,354,10.5,8.990478515625,29
2021-05-19T02:54:03.932033,695,938,355,10.5,9.035491943359375,29
2021-05-19T02:55:03.588227,693,938,354,10.5,9.062576293945312,29
2021-05-19T02:56:04.131865,688,938,354,10.5,9.086990356445312,29
2021-05-19T02:57:03.700312,704,932,353,10.5,9.116744995117188,29
2021-05-19T02:58:04.314659,704,942,353,10.5,9.139442443847656,29
2021-05-19T02:59:03.853766,678,937,353,10.5,9.135818481445312,29
2021-05-19T03:00:03.477142,686,936,353,10.5,9.14764404296875,29
2021-05-19T03:01:04.085476,687,940,353,10.5,9.171295166015625,29
2021-05-19T03:02:03.622304,686,938,354,10.5,9.179115295410156,29
2021-05-19T03:03:04.261900,688,935,353,10.5,9.174346923828125,29
2021-05-19T03:04:03.905063,690,936,354,10.5,9.193038940429688,29
2021-05-19T03:05:03.480600,686,935,353,10.5,9.217071533203125,29
2021-05-19T03:06:04.078782,679,936,357,10.5,9.222412109375,29
2021-05-19T03:07:03.639657,680,934,353,10.5,9.21630859375,29
2021-05-19T03:08:04.227203,685,935,353,10.5,9.226226806640625,29
2021-05-19T03:09:03.816744,700,921,353,10.5,9.236335754394531,29
2021-05-19T03:10:04.406456,682,923,352,10.5,9.251976013183594,29
2021-05-19T03:11:03.958223,692,929,354,10.4375,9.281349182128906,29
2021-05-19T03:12:03.629766,688,987,353,10.4375,9.298324584960938,29
2021-05-19T03:13:04.318583,681,918,352,10.4375,9.249496459960938,29
2021-05-19T03:14:03.985307,699,942,353,10.4375,9.224128723144531,29
2021-05-19T03:15:03.522474,680,940,353,10.4375,9.220695495605469,29
2021-05-19T03:16:04.055676,684,939,352,10.4375,9.222221374511719,29
2021-05-19T03:17:03.685094,689,937,355,10.4375,9.235763549804688,29
2021-05-19T03:18:04.233508,685,935,353,10.4375,9.2376708984375,29
2021-05-19T03:19:03.786053,696,936,353,10.4375,9.265518188476562,29
2021-05-19T03:20:04.377393,682,937,353,10.4375,9.292030334472656,29
2021-05-19T03:21:04.237423,686,1008,354,10.4375,9.304428100585938,29
2021-05-19T03:22:03.808310,511,1005,354,10.4375,9.329795837402344,29
2021-05-19T03:23:04.385451,681,1005,353,10.4375,9.349822998046875,29
2021-05-19T03:24:04.353983,681,1003,354,10.4375,9.370803833007812,29
2021-05-19T03:25:03.956803,684,1005,353,10.4375,9.391212463378906,29
2021-05-19T03:26:03.557529,687,1004,355,10.4375,9.401130676269531,29
2021-05-19T03:27:04.175249,689,1003,354,10.4375,9.397697448730469,29
2021-05-19T03:28:03.784013,697,1005,353,10.4375,9.402084350585938,29
2021-05-19T03:29:04.472379,688,992,354,10.4375,9.363746643066406,29
2021-05-19T03:30:04.049806,693,1004,354,10.4375,9.365081787109375,29
2021-05-19T03:31:03.645537,682,1002,355,10.4375,9.348487854003906,29
2021-05-19T03:32:04.292613,688,996,353,10.4375,9.333610534667969,29
2021-05-19T03:33:03.996535,692,997,356,10.375,9.300041198730469,29
2021-05-19T03:34:03.548858,679,999,354,10.4375,9.283828735351562,29
2021-05-19T03:35:04.223807,688,996,354,10.4375,9.247589111328125,29
2021-05-19T03:36:03.842535,680,999,353,10.375,9.2041015625,29
2021-05-19T03:37:04.435382,684,996,352,10.375,9.186172485351562,29
2021-05-19T03:39:04.294346,677,1004,352,10.375,9.182929992675781,29
2021-05-19T03:38:04.043693,675,1002,677,10.375,9.182929992675781,29
2021-05-19T03:40:04.092264,678,1004,351,10.375,9.12933349609375,29
2021-05-19T03:41:03.759477,680,1004,354,10.375,9.098052978515625,29
2021-05-19T03:42:04.333710,699,996,353,10.375,9.122276306152344,29
2021-05-19T03:43:03.954680,696,932,355,10.375,9.163284301757812,29
2021-05-19T03:44:03.619518,686,924,353,10.375,9.165573120117188,29
2021-05-19T03:45:04.227808,701,1006,354,10.375,9.170913696289062,29
2021-05-19T03:46:03.779384,702,1006,353,10.375,9.192276000976562,29
2021-05-19T03:47:04.419626,687,1004,353,10.375,9.181404113769531,29
2021-05-19T03:48:04.104376,678,1005,352,10.375,9.14764404296875,29
2021-05-19T03:49:03.754002,691,1005,353,10.375,9.130668640136719,29
2021-05-19T03:50:04.335471,688,1000,352,10.375,9.137535095214844,29
2021-05-19T03:51:03.944231,698,1001,353,10.375,9.131622314453125,29
2021-05-19T03:52:03.566830,685,1001,352,10.375,9.099769592285156,29
2021-05-19T03:53:04.155105,689,1004,351,10.375,9.113121032714844,29
2021-05-19T03:54:03.802419,687,1005,353,10.375,9.132957458496094,29
2021-05-19T03:55:04.419898,687,1004,353,10.375,9.116744995117188,29
2021-05-19T03:56:04.050581,685,1004,351,10.375,9.108924865722656,29
2021-05-19T03:57:03.649205,690,1004,354,10.375,9.132766723632812,29
2021-05-19T03:58:04.275008,699,1004,352,10.375,9.143257141113281,29
2021-05-19T03:59:03.890587,698,1004,354,10.3125,9.134483337402344,29
2021-05-19T04:00:03.460902,695,1002,353,10.375,9.146881103515625,29
2021-05-19T04:01:04.096653,707,1002,351,10.3125,9.157752990722656,29
2021-05-19T04:02:03.732654,693,1002,353,10.3125,9.128952026367188,29
2021-05-19T04:03:04.288517,695,1000,352,10.3125,9.094047546386719,29
2021-05-19T04:04:03.893793,691,1001,351,10.3125,9.069633483886719,29
2021-05-19T04:05:03.460536,692,1002,351,10.3125,9.042549133300781,29
2021-05-19T04:06:04.085785,703,1000,352,10.3125,9.033012390136719,29
2021-05-19T04:07:03.660784,685,1003,352,10.3125,9.01947021484375,29
2021-05-19T04:08:04.258219,702,1003,351,10.3125,9.024620056152344,29
2021-05-19T04:09:03.935628,691,1002,351,10.3125,9.018135070800781,29
2021-05-19T04:10:03.579896,692,1008,352,10.3125,9.058761596679688,29
2021-05-19T04:11:04.147422,689,1008,351,10.3125,9.073829650878906,29
2021-05-19T04:12:03.749721,691,1011,352,10.3125,9.120559692382812,29
2021-05-19T04:13:04.436915,690,860,350,10.375,9.166336059570312,29
2021-05-19T04:14:04.142745,695,828,351,10.3125,9.19036865234375,29
2021-05-19T04:15:03.720672,694,1010,350,10.3125,9.208297729492188,29
2021-05-19T04:16:04.308916,700,1004,353,10.3125,9.235954284667969,29
2021-05-19T04:17:04.009006,697,1009,352,10.3125,9.268951416015625,29
2021-05-19T04:18:03.554528,708,1014,352,10.3125,9.303092956542969,29
2021-05-19T04:19:04.114264,702,1008,352,10.3125,9.328269958496094,29
2021-05-19T04:20:03.735455,694,1008,350,10.3125,9.339332580566406,29
2021-05-19T04:21:04.416884,701,1008,351,10.3125,9.358978271484375,29
2021-05-19T04:22:04.022958,702,1011,351,10.3125,9.349632263183594,29
2021-05-19T04:23:03.674295,711,1013,351,10.3125,9.340476989746094,29
2021-05-19T04:24:04.431027,695,1009,352,10.3125,9.338951110839844,29
2021-05-19T04:25:04.132351,701,1009,351,10.25,9.340476989746094,29
2021-05-19T04:26:03.787727,696,1012,708,10.3125,9.375953674316406,29
2021-05-19T04:27:03.788392,708,1009,353,10.3125,9.375953674316406,29
2021-05-19T04:28:03.466298,719,1009,351,10.25,9.345436096191406,29
2021-05-19T04:29:04.079167,709,1010,352,10.3125,9.337997436523438,29
2021-05-19T04:30:03.652219,700,859,352,10.25,9.333992004394531,29
2021-05-19T04:31:04.260103,700,865,351,10.25,9.321784973144531,29
2021-05-19T04:32:03.928671,697,862,352,10.3125,9.336280822753906,29
2021-05-19T04:33:03.464849,699,858,351,10.25,9.354972839355469,29
2021-05-19T04:34:04.077571,696,1013,351,10.25,9.371566772460938,29
2021-05-19T04:35:03.616204,709,1015,352,10.25,9.370613098144531,29
2021-05-19T04:36:04.249066,698,1015,351,10.25,9.349632263183594,29
2021-05-19T04:37:03.773777,701,1008,352,10.25,9.346771240234375,29
2021-05-19T04:38:04.374763,705,1010,353,10.25,9.345817565917969,29
2021-05-19T04:39:03.954089,715,1010,352,10.25,9.322738647460938,29
2021-05-19T04:40:03.675417,692,1011,352,10.25,9.291648864746094,29
2021-05-19T04:41:04.192543,709,1012,353,10.25,9.291648864746094,29
2021-05-19T04:42:03.841246,710,1010,352,10.25,9.297752380371094,29
2021-05-19T04:43:03.460356,694,1016,352,10.25,9.308242797851562,29
2021-05-19T04:44:04.046323,699,1016,353,10.25,9.322738647460938,29
2021-05-19T04:45:03.620454,65535,1015,351,10.25,9.330177307128906,29
2021-05-19T04:46:04.339699,708,1007,351,10.25,9.331893920898438,29
2021-05-19T04:47:03.961330,712,1007,351,10.25,9.325408935546875,29
2021-05-19T04:48:03.579553,716,1005,352,10.25,9.324455261230469,29
2021-05-19T04:49:04.279789,705,1009,351,10.25,9.322738647460938,29
2021-05-19T04:50:03.893125,703,1000,352,10.25,9.328842163085938,29
2021-05-19T04:51:03.465864,715,1002,351,10.25,9.342765808105469,29
2021-05-19T04:52:04.228953,698,1003,349,10.25,9.348487854003906,29
2021-05-19T04:53:03.871928,700,1011,350,10.25,9.355545043945312,29
2021-05-19T04:54:03.453052,691,1012,351,10.25,9.354591369628906,29
2021-05-19T04:55:04.080558,708,1009,351,10.1875,9.355926513671875,29
2021-05-19T04:56:03.609560,693,1011,350,10.1875,9.352874755859375,29
2021-05-19T04:57:04.113597,713,1004,350,10.25,9.337615966796875,29
2021-05-19T04:58:03.776885,698,1007,351,10.1875,9.327125549316406,29
2021-05-19T04:59:04.380769,699,1004,351,10.1875,9.304046630859375,29
2021-05-19T05:00:03.945808,697,1002,350,10.1875,9.310531616210938,29
2021-05-19T05:01:03.570418,693,1009,351,10.25,9.309577941894531,29
2021-05-19T05:02:04.149453,698,1003,350,10.1875,9.3048095703125,29
2021-05-19T05:03:03.725666,715,1008,350,10.1875,9.306907653808594,29
2021-05-19T05:04:04.308021,710,1006,350,10.1875,9.31396484375,29
2021-05-19T05:05:03.844291,699,1003,355,10.1875,9.287834167480469,29
2021-05-19T05:06:04.420256,701,1007,351,10.1875,9.287834167480469,29
2021-05-19T05:07:04.053817,711,1008,351,10.1875,9.277725219726562,29
2021-05-19T05:08:03.648649,691,1006,351,10.1875,9.280776977539062,29
2021-05-19T05:09:04.216216,694,1004,352,10.1875,9.249305725097656,29
2021-05-19T05:10:04.045155,703,1004,350,10.1875,9.222793579101562,29
2021-05-19T05:11:03.655288,690,1007,350,10.1875,9.222412109375,29
2021-05-19T05:12:04.331780,687,1010,351,10.1875,9.217453002929688,29
2021-05-19T05:13:04.042978,686,1002,350,10.1875,9.214401245117188,29
2021-05-19T05:14:03.650111,682,1001,351,10.1875,9.221839904785156,29
2021-05-19T05:15:04.218635,681,1007,350,10.1875,9.231376647949219,29
2021-05-19T05:16:03.830845,688,919,351,10.1875,9.237098693847656,29
2021-05-19T05:17:04.591682,679,951,350,10.1875,9.235382080078125,29
2021-05-19T05:18:04.212825,695,985,349,10.1875,9.242439270019531,29
2021-05-19T05:19:03.873364,689,990,350,10.1875,9.251022338867188,29
2021-05-19T05:20:03.498804,688,968,350,10.1875,9.260749816894531,29
2021-05-19T05:21:04.072727,694,970,351,10.1875,9.261703491210938,29
2021-05-19T05:22:03.645184,691,982,349,10.1875,9.256362915039062,29
2021-05-19T05:23:04.232835,690,975,350,10.1875,9.269523620605469,29
2021-05-19T05:24:03.806867,684,978,351,10.1875,9.219741821289062,29
2021-05-19T05:25:04.411528,687,981,350,10.1875,9.202194213867188,29
2021-05-19T05:26:03.991152,687,983,350,10.125,9.182548522949219,29
2021-05-19T05:27:03.548538,686,987,351,10.1875,9.182929992675781,29
2021-05-19T05:28:04.141933,689,976,351,10.125,9.143829345703125,29
2021-05-19T05:29:03.704233,688,981,350,10.1875,9.152030944824219,29
2021-05-19T05:30:04.322961,687,980,351,10.1875,9.154319763183594,29
2021-05-19T05:31:03.839619,685,985,351,10.1875,9.157371520996094,29
2021-05-19T05:32:04.365679,708,978,350,10.1875,9.180068969726562,29
2021-05-19T05:33:03.950898,692,976,351,10.125,9.193038940429688,29
2021-05-19T05:34:03.539915,697,976,350,10.125,9.203529357910156,29
2021-05-19T05:35:04.125207,688,985,352,10.125,9.19036865234375,29
2021-05-19T05:36:03.730486,684,978,349,10.1875,9.196662902832031,29
2021-05-19T05:37:04.331372,689,986,351,10.125,9.207534790039062,29
2021-05-19T05:38:04.066522,702,985,351,10.1875,9.215736389160156,29
2021-05-19T05:39:03.619127,688,979,353,10.1875,9.219741821289062,29
2021-05-19T05:40:04.241131,680,972,352,10.125,9.223175048828125,29
2021-05-19T05:41:03.776682,690,973,350,10.125,9.234428405761719,29
2021-05-19T05:42:04.399826,686,979,351,10.125,9.254074096679688,29
2021-05-19T05:43:03.950541,689,977,351,10.125,9.249496459960938,29
2021-05-19T05:44:03.546398,705,987,350,10.125,9.267807006835938,29
2021-05-19T05:45:04.151612,680,988,351,10.125,9.2803955078125,29
2021-05-19T05:46:03.803627,691,982,349,10.125,9.288978576660156,29
2021-05-19T05:47:04.382560,686,981,352,10.125,9.286880493164062,29
2021-05-19T05:48:04.025830,679,975,350,10.125,9.284782409667969,29
2021-05-19T05:49:03.632810,697,988,350,10.125,9.271621704101562,29
2021-05-19T05:50:04.251101,692,985,350,10.125,9.259796142578125,29
2021-05-19T05:51:03.996419,685,993,350,10.125,9.250640869140625,29
2021-05-19T05:52:03.537033,696,876,349,10.125,9.253692626953125,29
2021-05-19T05:53:04.170500,694,1008,350,10.125,9.239768981933594,29
2021-05-19T05:54:03.748968,689,967,350,10.125,9.245109558105469,29
2021-05-19T05:55:04.297038,694,984,348,10.125,9.230232238769531,29
2021-05-19T05:56:03.861885,701,949,351,10.125,9.231376647949219,29
2021-05-19T05:57:03.571595,702,953,348,10.125,9.220123291015625,29
2021-05-19T05:58:04.196519,694,942,349,10.125,9.218406677246094,29
2021-05-19T05:59:03.804447,711,940,349,10.125,9.206199645996094,29
2021-05-19T06:00:04.392982,707,943,349,10.125,9.208869934082031,29
2021-05-19T06:01:03.948858,713,947,351,10.125,9.207534790039062,29
2021-05-19T06:02:03.546434,696,943,350,10.125,9.193038940429688,29
2021-05-19T06:03:04.105215,706,943,351,10.125,9.184837341308594,29
2021-05-19T06:04:03.715621,693,948,350,10.125,9.19342041015625,29
2021-05-19T06:05:04.318319,697,934,351,10.125,9.216117858886719,29
2021-05-19T06:06:03.856255,691,942,350,10.125,9.238052368164062,29
2021-05-19T06:07:03.475991,692,945,350,10.0625,9.253692626953125,29
2021-05-19T06:08:04.100221,688,938,352,10.0625,9.266853332519531,29
2021-05-19T06:09:03.695459,694,936,349,10.125,9.273338317871094,29
2021-05-19T06:10:04.289296,705,939,350,10.125,9.283065795898438,29
2021-05-19T06:11:03.853775,689,939,350,10.0625,9.2803955078125,29
2021-05-19T06:12:03.431441,703,939,350,10.0625,9.2803955078125,29
2021-05-19T06:13:04.020159,689,941,349,10.125,9.279060363769531,29
2021-05-19T06:14:03.631083,689,944,350,10.125,9.253311157226562,29
2021-05-19T06:15:04.214184,511,945,352,10.125,9.2529296875,29
2021-05-19T06:16:03.823115,689,952,349,10.125,9.262466430664062,29
2021-05-19T06:17:04.422887,688,944,349,10.125,9.277725219726562,29
2021-05-19T06:18:04.041065,685,946,351,10.0625,9.306144714355469,29
2021-05-19T06:19:03.603555,690,945,349,10.0625,9.319305419921875,29
2021-05-19T06:20:04.245614,693,942,350,10.0625,9.332275390625,29
2021-05-19T06:21:03.801501,698,945,350,10.0625,9.3475341796875,29
2021-05-19T06:22:04.371721,697,944,350,10.0625,9.360122680664062,29
2021-05-19T06:23:03.970572,704,944,350,10.0625,9.369850158691406,29
2021-05-19T06:24:03.548890,692,947,349,10.0625,9.379005432128906,29
2021-05-19T06:25:04.339308,689,944,351,10.0625,9.395599365234375,29
2021-05-19T06:26:03.963166,695,945,350,10.0625,9.404754638671875,29
2021-05-19T06:27:03.544797,695,945,349,10.0625,9.414291381835938,29
2021-05-19T06:28:04.155633,698,956,349,10.0625,9.419631958007812,29
2021-05-19T06:29:03.731248,717,952,349,10.0625,9.413909912109375,29
2021-05-19T06:30:04.282132,696,946,349,10.0625,9.405708312988281,29
2021-05-19T06:31:03.862377,690,928,351,10.0625,9.404373168945312,29
2021-05-19T06:32:03.492980,693,931,350,10.0625,9.387779235839844,29
2021-05-19T06:33:04.046314,693,928,350,10.0625,9.381675720214844,29
2021-05-19T06:34:03.614201,681,924,351,10.0625,9.380722045898438,29
2021-05-19T06:35:04.204886,692,929,349,10.0625,9.377288818359375,29
2021-05-19T06:36:03.793526,685,939,349,10.0625,9.369468688964844,29
2021-05-19T06:37:04.409511,686,933,348,10.0625,9.364700317382812,29
2021-05-19T06:38:03.955057,679,930,350,10.0625,9.375572204589844,29
2021-05-19T06:39:03.557739,685,927,349,10.0625,9.370613098144531,29
2021-05-19T06:40:04.161394,688,928,351,10.0625,9.373283386230469,29
2021-05-19T06:41:03.788692,687,929,349,10.0625,9.370613098144531,29
